,video_id,channelTitle,title,description,tags,publishedAt,viewCount,likeCount,favouriteCount,commentCount,duration,definition,caption,pushblishDayName,durationSecs,tagsCount,likeRatio,commentRatio,titleLength
0,wHOR0w2pl4M,ClimateScience - Solve Climate Change,ClimateScience Olympiad 2023 | Trailer,"The global student competition to find the best solutions to climate change is back. Take part in ClimateScience Olympiad 2023 to be in with a chance to win a sponsored trip to COP28, Dubai, and cash prizes. 

For more information and to register, visit https://climatescience.org/olympiad.

-----------------------------------------------------------------------

Script: Mia Foulkes and Julia Wojtania
Animation and editing: Bruna Hernandes
Voice: Ankur Shah 
Soundtrack: ashamaluevmusic.com

-----------------------------------------------------------------------

Instagram: https://www.instagram.com/climate_science/
Facebook: https://www.facebook.com/ClimateScienceEducation/
Olympiad: https://climatescience.org/olympiad
Website: https://climatescience.org/",,2023-02-08 16:13:28+00:00,14734,223,,13,PT1M15S,hd,true,Wednesday,0 days 00:01:15,0,15.135061761911224,0.8823130175105198,38
1,nWn90yKQFHs,ClimateScience - Solve Climate Change,COP27 | ClimateScience Olympiad 2022 Finals Presentations,"Youth present the winning climate solutions of their submissions to the global ClimateScience Olympiad 2022 at COP27. This panel discussion was held at the SDG Pavilion of this year's UN COP27 global climate conference in Sharm El Sheikh.

Remote attendees - ClimateScience Olympiad 2022 Winners
ğŸ¥‡ Judith Ko & Song Yee Ho (Singapore)
ğŸ¥ˆ Alexandra Pilz & Eleonore Vecchioli (UK)
ğŸ¥‰ Netra Karthigeyan (India)

Host: Michael BÃ¤cklund (President, ClimateScience)
Moderator: Nevine Ghazi

In-person panellists
Mohamed Ali Radiddaoui (COP Party Delegate & Negotiator from Tunisia, NGYA-UN Women, Founder of Nafas)
Dr. Ryna Cui (Olympiad Judge & Assistant Professor of Global Sustainability, University of Maryland)
Evelyn Addor (Youth Negotiator)


DISCUSSIONS & SOCIAL MEDIA
â–€â–€â–€â–€â–€â–€â–€â–€â–€â–€â–€â–€â–€â–€â–€â–€â–€â–€â–€â–€â–€â–€â–€â–€â–€â–€
Website:           https://climatescience.org/
Olympiad:         https://climatescience.org/olympiad/
Instagram:       https://www.instagram.com/climate_science
Twitter:             https://twitter.com/climatescience
Facebook:        https://www.facebook.com/ClimateScienceEducation",,2022-12-15 11:01:35+00:00,4843,79,,0,PT1H1M11S,hd,false,Thursday,0 days 01:01:11,0,16.3122031798472,0.0,57
2,lq_ForYjl8k,ClimateScience - Solve Climate Change,A conversation with Dr. Barbara Buchner on the occasion of EarthDay 2022,,,2022-06-27 19:28:34+00:00,728,22,,2,PT49M16S,hd,false,Monday,0 days 00:49:16,0,30.21978021978022,2.7472527472527473,72
3,42eKmxAjIPA,ClimateScience - Solve Climate Change,ClimateScience Olympiad 2022 Trailer [SPANISH],"Winners get $15,000 and a chance to speak at the UN Climate Summit. The ClimateScience Olympiad is a fun, online student competition around systemic solutions to climate change. More information on https://climatescience.org/olympiad",,2022-06-16 16:40:59+00:00,1080,23,,2,PT2M58S,hd,false,Thursday,0 days 00:02:58,0,21.296296296296294,1.8518518518518519,46
4,rCzGbc_7hUU,ClimateScience - Solve Climate Change,Tackling Climate Denial #Shorts,"Have you ever had a hard time talking to someone who doesnâ€™t believe in climate change? Let us know in the comments if these tips were useful to you!

Learn more at https://climatescience.org

Scriptwriting and reviews by Bruna Hernandes, Ghislaine Fandel & JP Arellano 
Filming, animation and voice over by Bruna Hernandes 

Music
Sneaky Adventure by Kevin MacLeod http://incompetech.com
Creative Commons â€” Attribution 3.0 Unported â€” CC BY 3.0
Free Download / Stream: https://bit.ly/sneaky-adventure
Music promoted by Audio Library https://youtu.be/a3A90Oc1Rrc

Adapted from
https://www.hsph.harvard.edu/news/features/how-to-talk-to-a-climate-skeptic/ 
https://www.climaterealityproject.org/blog/starting-conversation-five-tips-how-talk-climate-deniers-your-family 
https://owl.purdue.edu/owl/general_writing/academic_writing/logic_in_argumentative_writing/fallacies.html

#climatechange #climateemergency #climateaction #solutions",,2022-02-11 11:27:52+00:00,1790,126,,13,PT1M,hd,false,Friday,0 days 00:01:00,0,70.39106145251397,7.262569832402235,31
5,Xp5p5ATmKi4,ClimateScience - Solve Climate Change,Floating Communities??? #Shorts,"Floating cities may sound like fantasy, but some designers are actually beginning to create structures that embrace rising sea levels. Global sea level rise is expected to exceed two meters by the end of the century if no serious climate action is taken [8]. This has the potential to displace approximately 200 million people [8]. With increasing sea level rise, adaptation solutions to combat it have become essential [7] one of them being floating structures! 

Floating architecture may serve as a solution due to its relatively low economic and logistical maintainability. These afloat settlements could provide safe, climate-resilient housing for flood-stricken communities. Do you think floating architecture could be the game changer in combating sea level rise? Let us know in the comments! 
 
Learn more at https://climatescience.org/advanced-water-adaptation

Scriptwriting and reviews by Bruna Hernandes, Ghislaine Fandel & JP Arellano 
Filming, animation and voice over by Bruna Hernandes 

Music
In My Mind (Instrumental) Â· The Hit Mafia 
Pop Music Instrumental (The Best Pop, R & B, Charts Instrumentals 2018) 
â„— Back On My Grind Records

Open source videos used
YouTube video by Verge Science
YouTube video by Undecided with Matt Ferrell

#climatechange #climateemergency #climateaction #solutions
[1]:https://www.climate.gov/news-features/understanding-climate/climate-change-global-sea-level [2]:https://www.ipcc.ch/srocc/chapter/chapter-4-sea-level-rise-and-implications-for-low-lying-islands-coasts-and-communities/ 
[3]:https://climate.nasa.gov/vital-signs/sea-level/ [4]:https://coastadapt.com.au/climate-change-and-sea-level-rise-based-observed-data 
[5]: https://www.sciencedirect.com/topics/engineering/land-reclamation 
[6]:  Applications of Sustainable Factors in Floating Architecture 
[7]: https://www.sciencedirect.com/science/article/pii/S1110016819300328 
[8]: https://royalsocietypublishing.org/doi/full/10.1098/rsta.2010.0291  [9]:https://climate-adapt.eea.europa.eu/metadata/publications/ranking-of-the-worlds-cities-to-coastal-flooding/11240357 
[10]: https://www.bbc.com/news/world-47827136 
[11]: https://www.tandfonline.com/doi/full/10.1080/1064119X.2018.1503761 
[12] https://ocean.si.edu/through-time/ancient-seas/sea-level-rise",,2022-02-09 09:56:14+00:00,780,54,,4,PT54S,hd,false,Wednesday,0 days 00:00:54,0,69.23076923076924,5.128205128205129,31
6,u7N60AwiddI,ClimateScience - Solve Climate Change,ClimateScience - Solve Climate Change Live Stream,,,2022-02-05 10:49:24+00:00,0,0,,0,P0D,sd,false,Saturday,0 days 00:00:00,0,,,49
7,36hohyrQrP8,ClimateScience - Solve Climate Change,Undo Climate Change? #Shorts,"1 trillion tonnes of carbon dioxide. Thatâ€™s the amount weâ€™d need to remove if we want to undo climate change. That's roughly the same weight as one blue whale for every person on Earth! [3,11]

Think of carbon removal as a pollution cleanup operation. For it to work, COâ‚‚ must be captured from the atmosphere and stored away safely and permanently without emitting more along the way [1]. 

There are lots of ways to do this: soil carbon sequestration; direct air capture; geological carbon storage; enhanced weathering and more [4,5,6,7].

But itâ€™s really important to remember: we canâ€™t let dreams of carbon sequestration delay emissions reduction today. 

Were there any carbon removal methods you were curious about and would like us to cover more deeply? Let us know in the comments! Bye!

Learn more at https://climatescience.org/advanced-carbon-sequestration-undoing-climate-change

Scriptwriting and reviews by Bruna Hernandes, Ghislaine Fandel & JP Arellano 
Filming, animation and voice over by Bruna Hernandes 

Music
â™ª Night (Prod. by Lukrembo) 
Link : https://youtu.be/5eSSSspxGUo

[1]https://link.springer.com/article/10.1007/s10584-012-0684-1 [2]https://www.theworldcounts.com/challenges/climate-change/global-warming/global-co2-emissions/story [3]https://www.ipcc.ch/site/assets/uploads/sites/2/2019/06/SR15_Summary_Volume_Low_Res.pdf 
[4]https://iopscience.iop.org/article/10.1088/1748-9326/aabf9f/metaerlaabf9fs1 
[5]https://www.frontiersin.org/articles/10.3389/fclim.2019.00008/fullnote2a [6]https://link.springer.com/article/10.1007%2Fs10584-005-3485-y 
[7]https://www.nap.edu/read/25259/chapter/7 
[8]https://www.sciencedirect.com/science/article/pii/S2542435119303836
[9]https://www.tandfonline.com/doi/full/10.1080/14693062.2017.1413322 
[10]https://iopscience.iop.org/article/10.1088/1748-9326/aabf9f/metaerlaabf9fs1 [11]https://www.worldwildlife.org/species/blue-whale:~:text=Facts,-EN%20Status&text=Blue%20whale%20at%20sunset%2C%20Mexico,tons%20(approximately%2033%20elephants)

#climatechange #climateemergency #climateaction #solutions",,2022-02-04 13:37:50+00:00,1197,82,,7,PT56S,hd,false,Friday,0 days 00:00:56,0,68.50459482038428,5.847953216374268,28
8,rndxwsxrBJ0,ClimateScience - Solve Climate Change,Air Pollution: New Air Quality Guidelines From WHO #Shorts,"The World Health Organization published new Air Quality Guidelines! By achieving these guideline levels, countries will be both saving lives as well as mitigating climate change!

Learn more at https://climatescience.org

Scriptwriting and reviews by Bruna Hernandes, Ghislaine Fandel & JP Arellano 
Filming, animation and voice over by Bruna Hernandes 

Music
â™ª Imagine (Prod. by Lukrembo) 
Link: https://youtu.be/O7yALYb04Ts

Open source videos used
Video by Enrike Torres from Pexels
Video by Kelly L from Pexels
Video by Mike from Pexels
Creative Commons videos from YouTube

#climatechange #climateemergency #climateaction #solutions",,2022-02-01 09:45:53+00:00,450,37,,0,PT56S,hd,false,Tuesday,0 days 00:00:56,0,82.22222222222223,0.0,58
9,HihpqcqCkoI,ClimateScience - Solve Climate Change,Overfishing: Are We Emptying Our Oceans? #Shorts,"Unsustainable fishing practices are responsible for the shrinking of wild fish populations and other negative impacts. Did you know about this? Let us know in the comments! 

Learn more at https://climatescience.org/advanced-food-fishing-aquaculture

Scriptwriting and reviews by Bruna Hernandes, Ghislaine Fandel & JP Arellano 
Filming, animation and voice over by Bruna Hernandes 

Music
â™ª Night (Prod. by Lukrembo) 
Link : https://youtu.be/5eSSSspxGUo

Open source videos used
Video by Anna Auza from Pexels
Video by ROMAN ODINTSOV from Pexels
Video by Vimeo from Pexels
Video by Kelly L from Pexels
Creative Commons videos from YouTube

#climatechange #climateemergency #climateaction #solutions",,2022-01-28 09:37:14+00:00,929,47,,7,PT1M,hd,false,Friday,0 days 00:01:00,0,50.59203444564048,7.534983853606028,48
10,xHuMQkJS1uw,ClimateScience - Solve Climate Change,The Ozone Layer: Earthâ€™s Personal Force Field #Shorts,"The ozone layer is very important as it protects life on Earth from absorbing harmful ultraviolet radiation that comes from the Sun. Good news though - it is recovering!! 

Learn more at https://climatescience.org

Scriptwriting and reviews by Bruna Hernandes, Ghislaine Fandel & JP Arellano 
Filming, animation and voice over by Bruna Hernandes 

Open source videos used
Video by Alena Darmel from Pexels
Creative Commons videos from YouTube

#climatechange #climateemergency #climateaction #solutions",,2022-01-25 16:53:11+00:00,11310,575,,14,PT56S,hd,false,Tuesday,0 days 00:00:56,0,50.83996463306808,1.237842617152962,53
11,TCVg8PkGeKI,ClimateScience - Solve Climate Change,What is Climate Justice? #Shorts,"Climate justice not only works to address inequalities, but it also believes that by working together we can create a better future! 

Learn more at https://climatescience.org/advanced-food-waste

Scriptwriting and reviews by Bruna Hernandes, Ghislaine Fandel & JP Arellano 
Filming, animation and voice over by Bruna Hernandes 

Music:
â™ª Imagine (Prod. by Lukrembo) 
Link: https://youtu.be/O7yALYb04Ts

#climatechange #climateemergency #climateaction #solutions",,2022-01-21 11:57:17+00:00,1113,70,,4,PT57S,hd,false,Friday,0 days 00:00:57,0,62.893081761006286,3.5938903863432166,32
12,nwsQ858oHiU,ClimateScience - Solve Climate Change,Selective Breeding: The Future of Crops? #Shorts,"Do you think selective breeding is the future of crops? ğŸ¤”
Let us know in the comments! 

Learn more at https://climatescience.org/advanced-food-selective-breeding

Scriptwriting and reviews by Bruna Hernandes, Ghislaine Fandel & JP Arellano 
Filming, animation and voice over by Bruna Hernandes 

Music
â™ª Marshmellow (Prod. by Lukrembo) 
Link: https://youtu.be/y7KYdqVND4o

Open source videos used
Video by Kindel Media from Pexels
Video by Pixabay from Pexels
Video by Andi Farruku from Pexels

#climatechange #climateemergency #climateaction #solutions",,2022-01-18 09:21:31+00:00,1065,47,,1,PT1M,hd,false,Tuesday,0 days 00:01:00,0,44.13145539906103,0.9389671361502347,48
13,vEgRtuet3cA,ClimateScience - Solve Climate Change,Keeping Healthy in a Changing Climate #Shorts,"Do you think itâ€™s possible to keep ourselves healthy in a changing climate?  
Learn more at https://climatescience.org/advanced-consequences-economy

Scriptwriting and reviews by Bruna Hernandes, Ghislaine Fandel & JP Arellano 
Filming, animation and voice over by Bruna Hernandes 

Music:
â™ª Onion (Prod. by Lukrembo) 
Link: https://youtu.be/KGQNrzqrGqw

#climatechange #climateemergency #climateaction #solutions",,2022-01-14 09:19:45+00:00,185,28,,0,PT1M,hd,false,Friday,0 days 00:01:00,0,151.35135135135135,0.0,45
14,d90Qujj5eUA,ClimateScience - Solve Climate Change,Whatâ€™s the Difference Between Food Loss & Food Waste #Shorts,"Did you know the difference between food waste and food loss? Let us know in the comments! 
Learn more at https://climatescience.org/advanced-food-waste

Scriptwriting and reviews by Bruna Hernandes, Ghislaine Fandel & JP Arellano 
Filming, animation and voice over by Bruna Hernandes 

Music:
â™ª Imagine (Prod. by Lukrembo) 
Link: https://youtu.be/O7yALYb04Ts

#climatechange #climateemergency #climateaction #solutions",,2022-01-07 00:00:11+00:00,481,36,,0,PT57S,hd,false,Friday,0 days 00:00:57,0,74.84407484407485,0.0,60
15,k4HujPqpH2o,ClimateScience - Solve Climate Change,What Is the True Cost of Climate Change? #Shorts,"We are shocked by these numbers! How about you?
Learn more at https://climatescience.org/advanced-consequences-economy

Scriptwriting and reviews by Bruna Hernandes, Ghislaine Fandel & JP Arellano 
Filming, animation and voice over by Bruna Hernandes 

Music:
â™ª Onion (Prod. by Lukrembo) 
Link: https://youtu.be/KGQNrzqrGqw

#climatechange #climateemergency #climateaction #solutions",,2022-01-05 00:00:24+00:00,393,26,,0,PT58S,hd,false,Wednesday,0 days 00:00:58,0,66.15776081424936,0.0,48
16,iwe6WL-IvtQ,ClimateScience - Solve Climate Change,From Droughts to Monsoons: The Water Cycle #Shorts,"How much do you know about the water cycle? Let us know in the comments! 
Learn more at https://climatescience.org/advanced-climate-water-cycle

Scriptwriting and reviews by Bruna Hernandes, Ghislaine Fandel & JP Arellano 
Filming, animation and voice over by Bruna Hernandes 

Music
â™ª Marshmellow (Prod. by Lukrembo) 
Link: https://youtu.be/y7KYdqVND4o

Open source videos used
Video by Tima Miroshnichenko from Pexels
Video by JoÃ£o Pavese from Pexels
Video by Pavel Danilyuk

#climatechange #climateemergency #climateaction #solutions",,2022-01-04 11:25:49+00:00,250,27,,0,PT59S,hd,false,Tuesday,0 days 00:00:59,0,108.0,0.0,50
17,eSAar0cCaTA,ClimateScience - Solve Climate Change,ClimateScience Olympiad 2022 Trailer,"Winners get $15,000 and a chance to speak at the UN Climate Summit. The ClimateScience Olympiad is a fun, online student competition around systemic solutions to climate change. More information on https://climatescience.org/olympiad",,2021-12-28 22:37:51+00:00,14148,197,,12,PT2M32S,hd,false,Tuesday,0 days 00:02:32,0,13.924229573084535,0.8481764206955047,36
18,Gi0r9bbPRw0,ClimateScience - Solve Climate Change,Does Personal Action Really Matter? #Shorts,"Personal action is indeed necessary, but itâ€™s not enough to help reduce climate change. 

Learn more at https://climatescience.org/advanced-personal-action

Scriptwriting and reviews by Bruna Hernandes, Ghislaine Fandel & JP Arellano 
Filming, animation and voice over by Bruna Hernandes 

Music
â™ª Marshmellow (Prod. by Lukrembo) 
Link : https://youtu.be/y7KYdqVND4o

Open source videos used
Video by SHVETS production from Pexels
Video by CityXcape from Pexels

#climatechange #climateemergency #climateaction #solutions",,2021-12-24 00:00:12+00:00,213,24,,0,PT36S,hd,false,Friday,0 days 00:00:36,0,112.67605633802818,0.0,43
19,Y8Q7Ll3phLI,ClimateScience - Solve Climate Change,Extraordinary Extinctions #Shorts,"It's hard to hear but, unfortunately, humans are actually responsible for an increase in extinction rates. ğŸ˜

You can learn more about this topic at https://climatescience.org/advanced-extinction

Scriptwriting and reviews by Bruna Hernandes, Ghislaine Fandel & JP Arellano 
Filming, animation and voice over by Bruna Hernandes 

Music
â™ª Castle (Prod. by Lukrembo) 
Link : https://youtu.be/t5w7rgu9_00

#climatechange #climateemergency #climateaction #solutions",,2021-12-22 00:00:10+00:00,151,19,,1,PT46S,hd,false,Wednesday,0 days 00:00:46,0,125.82781456953643,6.622516556291391,33
20,KnAkJTwHHT8,ClimateScience - Solve Climate Change,Up Next on the Catwalk: Climate Models #Shorts,"Do you know what climate models are and how they help us make future predictions? You can learn more at https://climatescience.org/advanced-climate-climate-models

Scriptwriting and reviews by Bruna Hernandes, Ghislaine Fandel & JP Arellano 
Filming, animation and voice over by Bruna Hernandes 

Music:
â™ª Onion (Prod. by Lukrembo) 
Link : https://youtu.be/KGQNrzqrGqw

#climatechange #climateemergency #climateaction #solutions",,2021-12-20 17:55:08+00:00,175,23,,2,PT35S,hd,false,Monday,0 days 00:00:35,0,131.42857142857142,11.428571428571429,46
21,jSN-YTFhJoA,ClimateScience - Solve Climate Change,Climate Education for All #Shorts,"Access to climate education can do wonders for our planet and our society! 
Learn more at https://climatescience.org/courses

Scriptwriting and reviews by Bruna Hernandes, Ghislaine Fandel & JP Arellano 

Filming, animation and voice over by Bruna Hernandes 

#climatechange #climateemergency #climateaction #solutions",,2021-12-17 00:00:11+00:00,171,19,,1,PT38S,hd,false,Friday,0 days 00:00:38,0,111.1111111111111,5.847953216374268,33
22,8uwnJPuRpfk,ClimateScience - Solve Climate Change,Can Tree Planting Solve Climate Change? #Shorts,"Can we solve climate change by planting trees? Itâ€™s not as easy as you might think!

Learn more at https://climatescience.org/advanced-reforestation-afforestation-tree-planting

Scriptwriting and reviews by Bruna Hernandes, Ghislaine Fandel & JP Arellano 
Filming, animation and voice over by Bruna Hernandes 

Open sources videos used: 
Video by Michael Burrows from Pexels 
Video by Ruvim Miksanskiy from Pexels

#climatechange #climateemergency #climateaction #solutions",,2021-12-15 00:00:02+00:00,730,41,,1,PT38S,hd,false,Wednesday,0 days 00:00:38,0,56.16438356164383,1.36986301369863,47
23,7BFOr9T4zUY,ClimateScience - Solve Climate Change,Why Should We Care About Climate Change? #Shorts,"Do you know why we should all care about climate change? 
Learn more at https://climatescience.org/advanced-consequences-climate-people

Scriptwriting and reviews by Bruna Hernandes, Ghislaine Fandel & JP Arellano 
Filming, animation and voice over by Bruna Hernandes 

#climatechange #climateemergency #climateaction #solutions",,2021-12-14 16:40:52+00:00,1236,77,,4,PT31S,hd,false,Tuesday,0 days 00:00:31,0,62.297734627831716,3.236245954692557,48
24,HYm66KL16_M,ClimateScience - Solve Climate Change,OCEANS: THE TRUE CLIMATE SUPERHERO? #Shorts,"We do have a climate superhero: our oceans! 

Learn more at https://climatescience.org/advanced-consequences-ocean-life

Scriptwriting and reviews by Bruna Hernandes, Ghislaine Fandel & JP Arellano 
Filming, animation and voice over by Bruna Hernandes 

Open sources videos used: 
Video by Mikhail Nilov from Pexels 
Video by Joseph Redfield from Pexels

#climatechange #climateemergency #climateaction #solutions",,2021-12-13 14:05:02+00:00,100,15,,1,PT31S,hd,false,Monday,0 days 00:00:31,0,150.0,10.0,43
25,UnaHVI7kHpM,ClimateScience - Solve Climate Change,The Future of Public Electric Transport #Shorts,"Did you know that batteries are the future for public transport? 
Learn more at https://climatescience.org/advanced-energy-batteries

Scriptwriting and reviews by Bruna Hernandes, Ghislaine Fandel & JP Arellano 
Filming, animation and voice over by Bruna Hernandes 

Music
1 Min Chill Lofi Beat ""Dreams"" Prod. By The UM 
https://www.youtube.com/watch?v=aynRNQAxleA

#climatechange #climateemergency #climateaction #solutions",,2021-12-08 20:44:22+00:00,168,20,,2,PT31S,hd,false,Wednesday,0 days 00:00:31,0,119.04761904761904,11.904761904761903,47
26,d3GJaW3i2OU,ClimateScience - Solve Climate Change,What's The Number One Climate Problem? #Shorts,"Do you know whatâ€™s the number one climate problem? 

Learn more at https://climatescience.org/advanced-energy-biggest-problem

Scriptwriting and reviews by Bruna Hernandes, Ghislaine Fandel & JP Arellano 
Filming, animation and voice over by Bruna Hernandes 

Music
Daily (Prod. by Lukrembo) 
https://www.youtube.com/watch?v=Tchb1Q4V-nc",,2021-12-06 16:07:21+00:00,216,22,,2,PT31S,hd,false,Monday,0 days 00:00:31,0,101.85185185185185,9.25925925925926,46
27,_y0WiHWRj6I,ClimateScience - Solve Climate Change,Introducing ClimateScience Clubs,"Are you looking to become a climate leader and make a real difference in this world? If so, youâ€™ve come to the right place! Because weâ€™re Introducing ClimateScience Clubs.

Check out our website here: https://climatescience.org/clubs

Register your club here: https://docs.google.com/forms/d/e/1FAIpQLSccTAAVFUXG_dzoi6Q3qXxY6VT_cHLbl1zpb5BwdjiIrzYnPw/viewform 


DISCUSSIONS & SOCIAL MEDIA
â–€â–€â–€â–€â–€â–€â–€â–€â–€â–€â–€â–€â–€â–€â–€â–€â–€â–€â–€â–€â–€â–€â–€â–€â–€â–€
Website:           https://climatescience.org/   
Instagram:       https://www.instagram.com/climate_science/ 
Twitter:             https://twitter.com/Climate_Sci  
Facebook:        https://www.facebook.com/ClimateScienceEducation/  
Olympiad:         https://climatescience.org/olympiad/  


OUR ANIMATION 
â–€â–€â–€â–€â–€â–€â–€â–€â–€â–€â–€â–€â–€â–€â–€â–€â–€â–€â–€â–€â–€â–€â–€â–€â–€â–€
Original Animation produced by Bruna Hernanes using After Effects

OUR SCRIPT
â–€â–€â–€â–€â–€â–€â–€â–€â–€â–€â–€â–€â–€â–€â–€â–€â–€â–€â–€â–€â–€â–€â–€â–€â–€â–€
Is created by ClimateScienceâ€™s science writing team (https://climatescience.org/about/)

OUR VOICE
â–€â–€â–€â–€â–€â–€â–€â–€â–€â–€â–€â–€â–€â–€â–€â–€â–€â–€â–€â–€â–€â–€â–€â–€â–€â–€
The ClimateScience voice is JP Arellano using a Yeti BLUE microphone

OUR MUSIC â™¬â™ª
â–€â–€â–€â–€â–€â–€â–€â–€â–€â–€â–€â–€â–€â–€â–€â–€â–€â–€â–€â–€â–€â–€â–€â–€â–€â–€
Song: Jarico - Island Music
supported by #BackgroundMusicWithoutLimitations",,2021-11-20 22:09:30+00:00,1383,62,,4,PT1M35S,hd,true,Saturday,0 days 00:01:35,0,44.830079537237886,2.8922631959508314,32
28,fXRSaFgsZrE,ClimateScience - Solve Climate Change,Your Fashion Style May Need a Climate Upgrade #Shorts,"Do you need to rethink your style choices?
Complete our Industrial Innovation course to find out! https://climatescience.org/advanced-steel-climate

Credits
Scriptwriting and reviews by Bruna Hernandes, Ghislaine Fandel & JP Arellano
Filming, animation and voice over by Bruna Hernandes 

Music
1 Min Chill Lofi Beat ""Dreams"" Prod. By The UM https://www.youtube.com/watch?v=aynRNQAxleA

Open sources videos used: 
Video by Tom Fisk from Pexels
Video by MART PRODUCTION from Pexels
Video by Ron Lach from Pexels
Video by Irfan Shaikh from Pexels
Video by Anete Lusina from Pexels",,2021-11-16 18:05:49+00:00,169,17,,1,PT1M,hd,false,Tuesday,0 days 00:01:00,0,100.59171597633136,5.9171597633136095,53
29,0PzKsmk6O0E,ClimateScience - Solve Climate Change,The Fertilizer Fiasco #Shorts,"Did you know that farmers often rely on artificial fertilizers? 
Complete our free Food & Farming course: https://climatescience.org/advanced-food-climate

CREDITS
Scriptwriting and reviews by Bruna Hernandes, Ghislaine Fandel & JP Arellano
Filming, animation and voice over by Bruna Hernandes 

Music
Daily (Prod. by Lukrembo) https://www.youtube.com/watch?v=Tchb1Q4V-nc",,2021-11-10 09:30:03+00:00,203,19,,0,PT1M,hd,false,Wednesday,0 days 00:01:00,0,93.59605911330048,0.0,29
30,xJh3Ce5dF4k,ClimateScience - Solve Climate Change,Are We Tipping Over the Point of No Return? #Shorts,"You've heard of climate change, but have you heard of climate tipping points? 
Learn more at https://climatescience.org/advanced-climate-climate-models/

Scriptwriting and reviews by Bruna Hernandes, Ghislaine Fandel & JP Arellano
Filming, animation and voice over by Bruna Hernandes 

#climatechange #climateemergency #cop26 #climateaction",,2021-11-01 13:35:17+00:00,1472,91,,5,PT57S,hd,false,Monday,0 days 00:00:57,0,61.82065217391304,3.3967391304347827,51
31,-rnM1g5zE_U,ClimateScience - Solve Climate Change,Grow Food in your Backyard to Save the Planet! #shorts,"Would you participate in micro gardening to help save the planet?

Learn more at http://www.climatescience.org/advanced-food-climate

Scriptwriting and reviews by Bruna Hernandes, Ghislaine Fandel & JP Arellano

Filming, animation and voice over by Bruna HernandesÂ 

Open sources videos used:Â 
Video by Tom Fisk from Pexels
Video by Anastasia Shuraeva from Pexels

#climatechange #solutionsÂ #climatecrisis #agriculture #climateemergency #climatestrike #farming",,2021-10-18 09:38:07+00:00,220,24,,2,PT1M,hd,false,Monday,0 days 00:01:00,0,109.09090909090908,9.09090909090909,54
32,o49bi2_jaJI,ClimateScience - Solve Climate Change,What Could a Fair and Just Society Look Like? #shorts,"Have you heard about the Sustainable Development Goals? Learn more at https://climatescience.org/advanced-sustainable-development-goals/

Scriptwriting and reviews by Bruna Hernandes, Ghislaine Fandel & JP Arellano

Filming, animation and voice over by Bruna Hernandes 

#climatechange #solutions",,2021-10-15 09:38:58+00:00,200,22,,0,PT49S,hd,false,Friday,0 days 00:00:49,0,110.0,0.0,53
33,OJDmBs9a9YY,ClimateScience - Solve Climate Change,Whatâ€™s the difference? Climate Mitigation and Adaptation #shorts,"Did you know the difference between climate mitigation and adaptation? Learn more at https://climatescience.org/advanced-what-is-adaptation/

Scriptwriting and reviews by Bruna Hernandes, Ghislaine Fandel & JP Arellano

Filming, animation and voice over by Bruna Hernandes",,2021-10-12 13:25:45+00:00,1564,98,,3,PT1M,hd,false,Tuesday,0 days 00:01:00,0,62.65984654731457,1.9181585677749362,64
34,Tjou-g8yYS8,ClimateScience - Solve Climate Change,Flooding and Climate Change #shorts,"Did you know flooding affects our water supply? Visit our courses to learn more! https://climatescience.org/courses

#climatechange #shorts #climatecrisis

Scriptwriting and reviews by Bruna Hernandes, Ghislaine Fandel & JP Arellano

Filming, animation and voice over by Bruna Hernandes

Open sources videos used: 
Video by Simon Isoa from Pexels
Video by Tom Fisk from Pexels
Video by Ankur Khandelwal from Pexels
Video by Abraham Braun from Pexels
Video by Anastasia Shuraeva from Pexels
Video by Kelly Lacy from Pexels",,2021-10-03 08:12:07+00:00,333,31,,1,PT1M,hd,false,Sunday,0 days 00:01:00,0,93.09309309309309,3.003003003003003,35
35,H1R4MJ-sLLs,ClimateScience - Solve Climate Change,How Solar Radiation Heats up Our Planet #shorts,"Did you know the role that solar radiation plays on our climate? Learn more about it here: https://climatescience.org/advanced-greenhouse-effect/

#climatechange #climatecrisis

Scriptwriting and reviews by Bruna Hernandes, Ghislaine Fandel & JP Arellano

Filming, animation and voice over by Bruna Hernandes",,2021-10-01 14:23:34+00:00,603,51,,3,PT55S,hd,false,Friday,0 days 00:00:55,0,84.5771144278607,4.975124378109452,47
36,Yt1xTGoQYHo,ClimateScience - Solve Climate Change,The Energy Problem #shorts,"Learn more about energy and climate change at https://climatescience.org/advanced-energy-biggest-problem/ 

#climatechange #climatecrisis

Scriptwriting and reviews by Bruna Hernandes, Ghislaine Fandel & JP Arellano
Filming, animation and voice over by Bruna Hernandes",,2021-09-29 18:15:28+00:00,1466,118,,8,PT59S,hd,false,Wednesday,0 days 00:00:59,0,80.49113233287858,5.457025920873124,26
37,ishA6kry8nc,ClimateScience - Solve Climate Change,Food Waste: The Hidden Cost of the Food We Throw Out I ClimateScience #9,"Worldwide, 30% of food is lost or wasted - thatâ€™s 1.6 BILLION tonnes of food every year! It is vital that people are aware of the impacts of food waste and what they can do to make a difference.

Check out our chapter on food waste to learn more: https://climatescience.org/advanced-food-waste/ 

ClimateScience is a registered charity in the UK led by over 200 young enthusiastic volunteers. Our mission is to make real, long-term climate solutions actionable.


DISCUSSIONS & SOCIAL MEDIA
â–€â–€â–€â–€â–€â–€â–€â–€â–€â–€â–€â–€â–€â–€â–€â–€â–€â–€â–€â–€â–€â–€â–€â–€â–€â–€
Website:           https://climatescience.org/   
Instagram:       https://www.instagram.com/climate_science/ 
Twitter:             https://twitter.com/Climate_Sci  
Facebook:        https://www.facebook.com/ClimateScienceEducation/  
Olympiad:         https://climatescience.org/olympiad/  


OUR ANIMATION 
â–€â–€â–€â–€â–€â–€â–€â–€â–€â–€â–€â–€â–€â–€â–€â–€â–€â–€â–€â–€â–€â–€â–€â–€â–€â–€
Original Animation produced by Bruna Hernandes using After Effects

OUR SCRIPT
â–€â–€â–€â–€â–€â–€â–€â–€â–€â–€â–€â–€â–€â–€â–€â–€â–€â–€â–€â–€â–€â–€â–€â–€â–€â–€
Is created by ClimateScienceâ€™s science writing team (https://climate-science.com/about/)

OUR VOICE
â–€â–€â–€â–€â–€â–€â–€â–€â–€â–€â–€â–€â–€â–€â–€â–€â–€â–€â–€â–€â–€â–€â–€â–€â–€â–€
The ClimateScience voice is JP Arellano using a Yeti BLUE microphone

OUR MUSIC â™¬â™ª
â–€â–€â–€â–€â–€â–€â–€â–€â–€â–€â–€â–€â–€â–€â–€â–€â–€â–€â–€â–€â–€â–€â–€â–€â–€â–€
Original soundtrack composed by Mackenzie Boys-Eddy using Logic ProX

OUR SOURCES: 
â–€â–€â–€â–€â–€â–€â–€â–€â–€â–€â–€â–€â–€â–€â–€â–€â–€â–€â–€â–€â–€â–€â–€â–€â–€â–€
https://bit.ly/3CogDwC",,2021-08-07 13:30:07+00:00,169842,1973,,61,PT4M53S,hd,true,Saturday,0 days 00:04:53,0,11.616679031099492,0.3591573344637958,72
38,25aNiGPZBcg,ClimateScience - Solve Climate Change,Empowering Women: Why Women Are Crucial to Solving Climate Change | ClimateScience #8,"Although women are disproportionately affected by climate change, they aren't just vulnerable to its effects. Women are effective agents of change in both adaptation and mitigation.

Check out our chapter on women and climate change to learn more: https://climatescience.org/advanced-women-climate-change/

ClimateScience is a registered charity in the UK led by over 200 young enthusiastic volunteers. Our mission is to make real, long-term climate solutions actionable.


DISCUSSIONS & SOCIAL MEDIA
â–€â–€â–€â–€â–€â–€â–€â–€â–€â–€â–€â–€â–€â–€â–€â–€â–€â–€â–€â–€â–€â–€â–€â–€â–€â–€
Website:           https://climatescience.org/   
Instagram:       https://www.instagram.com/climate_science/ 
Twitter:             https://twitter.com/Climate_Sci  
Facebook:        https://www.facebook.com/ClimateScienceEducation/  
Olympiad:         https://climatescience.org/olympiad/  


OUR ANIMATION 
â–€â–€â–€â–€â–€â–€â–€â–€â–€â–€â–€â–€â–€â–€â–€â–€â–€â–€â–€â–€â–€â–€â–€â–€â–€â–€
Original Animation produced by Bruna Hernandes using After Effects

OUR SCRIPT
â–€â–€â–€â–€â–€â–€â–€â–€â–€â–€â–€â–€â–€â–€â–€â–€â–€â–€â–€â–€â–€â–€â–€â–€â–€â–€
Is created by ClimateScienceâ€™s science writing team (https://climatescience.org/about/)

OUR VOICE
â–€â–€â–€â–€â–€â–€â–€â–€â–€â–€â–€â–€â–€â–€â–€â–€â–€â–€â–€â–€â–€â–€â–€â–€â–€â–€
The ClimateScience voice is JP Arellano using a Yeti BLUE microphone

OUR MUSIC â™¬â™ª
â–€â–€â–€â–€â–€â–€â–€â–€â–€â–€â–€â–€â–€â–€â–€â–€â–€â–€â–€â–€â–€â–€â–€â–€â–€â–€
Original soundtrack composed by Mackenzie Boys-Eddy using Logic ProX

OUR SOURCES: 
â–€â–€â–€â–€â–€â–€â–€â–€â–€â–€â–€â–€â–€â–€â–€â–€â–€â–€â–€â–€â–€â–€â–€â–€â–€â–€
https://bit.ly/3kK654x",,2021-07-22 15:02:30+00:00,11672,293,,28,PT5M22S,hd,true,Thursday,0 days 00:05:22,0,25.1028101439342,2.3989033584647017,85
39,7fhG8rjnTsg,ClimateScience - Solve Climate Change,ClimateScience | Who are we?,"Making the transition to a sustainable future actionable.

Reliable, easy to understand, and beautifully illustrated. For students, teachers, and professionals.

We are a UK-based charity run by driven young scientists from all around the world.

DISCUSSIONS & SOCIAL MEDIA
â–€â–€â–€â–€â–€â–€â–€â–€â–€â–€â–€â–€â–€â–€â–€â–€â–€â–€â–€â–€â–€â–€â–€â–€â–€â–€
Website:           https://climatescience.org/   
Instagram:       https://www.instagram.com/climate_science/ 
Twitter:             https://twitter.com/Climate_Sci  
Facebook:        https://www.facebook.com/ClimateScienceEducation/  
Olympiad:         https://climatescience.org/olympiad/

IMPRESS:
â–€â–€â–€â–€â–€â–€â–€â–€â–€â–€â–€â–€â–€â–€â–€â–€â–€â–€â–€â–€â–€â–€â–€â–€â–€â–€
Climate Science Ltd
Company Nr: 12370672
Registered in England & Wales
Mail: contact@climatescience.org

Registered Address:
34b York Way Kingâ€™s Cross
N1 9AB
London
United Kingdom",,2021-07-13 13:26:28+00:00,9559,167,,5,PT1M34S,hd,true,Tuesday,0 days 00:01:34,0,17.470446699445546,0.5230672664504655,28
40,L4EES-3_NlY,ClimateScience - Solve Climate Change,Concrete: Making the Building Blocks of Society Sustainable | ClimateScience #7,"Concrete is the most consumed human-made material on the planet. It is also a major contributor to global warming. So, can we make the building blocks of our society sustainable? Find out how as we explore innovative and creative ways to decarbonize our concrete sector. 

Check out our chapter on concrete to learn more: https://climatescience.org/advanced-concrete-climate-sustainable/ 

ClimateScience is a registered charity in the UK led by over 200 young enthusiastic volunteers. Our mission is to make real, long-term climate solutions actionable.


DISCUSSIONS & SOCIAL MEDIA
â–€â–€â–€â–€â–€â–€â–€â–€â–€â–€â–€â–€â–€â–€â–€â–€â–€â–€â–€â–€â–€â–€â–€â–€â–€â–€
Website:           https://climatescience.org/   
Instagram:       https://www.instagram.com/climate_science/ 
Twitter:             https://twitter.com/Climate_Sci  
Facebook:        https://www.facebook.com/ClimateScienceEducation/  
Olympiad:         https://climatescience.org/olympiad/


OUR ANIMATION 
â–€â–€â–€â–€â–€â–€â–€â–€â–€â–€â–€â–€â–€â–€â–€â–€â–€â–€â–€â–€â–€â–€â–€â–€â–€â–€
Original Animation produced by Bruna Hernandes using After Effects

OUR SCRIPT
â–€â–€â–€â–€â–€â–€â–€â–€â–€â–€â–€â–€â–€â–€â–€â–€â–€â–€â–€â–€â–€â–€â–€â–€â–€â–€
Is created by ClimateScienceâ€™s science writing team (https://climate-science.com/about/)

OUR VOICE
â–€â–€â–€â–€â–€â–€â–€â–€â–€â–€â–€â–€â–€â–€â–€â–€â–€â–€â–€â–€â–€â–€â–€â–€â–€â–€
The ClimateScience voice is JP Arellano using a Yeti BLUE microphone

OUR MUSIC â™¬â™ª
â–€â–€â–€â–€â–€â–€â–€â–€â–€â–€â–€â–€â–€â–€â–€â–€â–€â–€â–€â–€â–€â–€â–€â–€â–€â–€
Original soundtrack composed by Mackenzie Boys-Eddy using Logic ProX

OUR SOURCES: 
â–€â–€â–€â–€â–€â–€â–€â–€â–€â–€â–€â–€â–€â–€â–€â–€â–€â–€â–€â–€â–€â–€â–€â–€â–€â–€
https://bit.ly/3vGurzo",,2021-05-11 14:21:51+00:00,3420,154,,20,PT6M8S,hd,true,Tuesday,0 days 00:06:08,0,45.02923976608187,5.847953216374268,79
41,IxelxcUdIKk,ClimateScience - Solve Climate Change,Lab Meat: The Taste of a Green Future | ClimateScience #6,"Can we make meat without destroying the environment (or killing animals)? In this video, weâ€™ll look at how scientists can grow clean meat in a lab and whether this could really become a cost-effective alternative to animal farming.

Check out our chapter on lab meat to learn more: https://climatescience.org/advanced-food-lab-meat-plant-based/ 

ClimateScience is a registered charity in the UK led by over 150 young enthusiastic volunteers. Our mission is to make real, long-term climate solutions actionable.


DISCUSSIONS & SOCIAL MEDIA
â–€â–€â–€â–€â–€â–€â–€â–€â–€â–€â–€â–€â–€â–€â–€â–€â–€â–€â–€â–€â–€â–€â–€â–€â–€â–€
Website:           https://climatescience.org/   
Instagram:       https://www.instagram.com/climate_science/ 
Twitter:             https://twitter.com/Climate_Sci  
Facebook:        https://www.facebook.com/ClimateScienceEducation/  
Olympiad:         https://climatescience.org/olympiad/ 

OUR ANIMATION 
â–€â–€â–€â–€â–€â–€â–€â–€â–€â–€â–€â–€â–€â–€â–€â–€â–€â–€â–€â–€â–€â–€â–€â–€â–€â–€
Original Animation produced by Bruna Hernandes using After Effects

OUR SCRIPT
â–€â–€â–€â–€â–€â–€â–€â–€â–€â–€â–€â–€â–€â–€â–€â–€â–€â–€â–€â–€â–€â–€â–€â–€â–€â–€
Is created by ClimateScienceâ€™s science writing team (https://climate-science.com/about/)

OUR VOICE
â–€â–€â–€â–€â–€â–€â–€â–€â–€â–€â–€â–€â–€â–€â–€â–€â–€â–€â–€â–€â–€â–€â–€â–€â–€â–€
The ClimateScience voice is JP Arellano using a Yeti BLUE microphone

OUR MUSIC â™¬â™ª
â–€â–€â–€â–€â–€â–€â–€â–€â–€â–€â–€â–€â–€â–€â–€â–€â–€â–€â–€â–€â–€â–€â–€â–€â–€â–€
Original soundtrack composed by Mackenzie Boys-Eddy using Logic ProX

OUR SOURCES:  
â–€â–€â–€â–€â–€â–€â–€â–€â–€â–€â–€â–€â–€â–€â–€â–€â–€â–€â–€â–€â–€â–€â–€â–€â–€â–€
http://bit.ly/Labmeat","['Lab Meat', 'Cultured Meat', 'Lab Grown Meat']",2021-04-14 14:56:06+00:00,5117,168,,17,PT5M12S,hd,true,Wednesday,0 days 00:05:12,3,32.83173734610123,3.3222591362126246,57
42,F4axVYbTXvA,ClimateScience - Solve Climate Change,Planting Trees: Can Trees Undo Climate Change? | ClimateScience #5,"Will planting trees be enough to solve climate change? The short answer is no. Planting trees is and will be crucial to help stabilize global temperatures, but it wonâ€™t be the only solution. 

Check out our chapter on reforestation and afforestation to learn more: https://climatescience.org/advanced-reforestation-afforestation-tree-planting/ 

ClimateScience is a registered charity in the UK led by over 200 young enthusiastic volunteers. Our mission is to make real, long-term climate solutions actionable.


DISCUSSIONS & SOCIAL MEDIA
â–€â–€â–€â–€â–€â–€â–€â–€â–€â–€â–€â–€â–€â–€â–€â–€â–€â–€â–€â–€â–€â–€â–€â–€â–€â–€
Website:           https://climatescience.org/   
Instagram:       https://www.instagram.com/climate_science/ 
Twitter:             https://twitter.com/Climate_Sci  
Facebook:        https://www.facebook.com/ClimateScienceEducation/  
Olympiad:         https://climatescience.org/olympiad/

OUR ANIMATION 
â–€â–€â–€â–€â–€â–€â–€â–€â–€â–€â–€â–€â–€â–€â–€â–€â–€â–€â–€â–€â–€â–€â–€â–€â–€â–€
Original Animation produced by Bruna Hernandes using After Effects

OUR SCRIPT
â–€â–€â–€â–€â–€â–€â–€â–€â–€â–€â–€â–€â–€â–€â–€â–€â–€â–€â–€â–€â–€â–€â–€â–€â–€â–€
Is created by ClimateScienceâ€™s science writing team (https://climate-science.com/about/)

OUR VOICE
â–€â–€â–€â–€â–€â–€â–€â–€â–€â–€â–€â–€â–€â–€â–€â–€â–€â–€â–€â–€â–€â–€â–€â–€â–€â–€
The ClimateScience voice is JP Arellano using a Yeti BLUE microphone

OUR MUSIC â™¬â™ª
â–€â–€â–€â–€â–€â–€â–€â–€â–€â–€â–€â–€â–€â–€â–€â–€â–€â–€â–€â–€â–€â–€â–€â–€â–€â–€
Original soundtrack composed by Mackenzie Boys-Eddy using Logic ProX

SOURCES: 
â–€â–€â–€â–€â–€â–€â–€â–€â–€â–€â–€â–€â–€â–€â–€â–€â–€â–€â–€â–€â–€â–€â–€â–€â–€â–€
http://bit.ly/30Nw7ce",,2021-03-15 16:06:59+00:00,29046,628,,64,PT5M13S,hd,true,Monday,0 days 00:05:13,0,21.620877229222614,2.2034015010672725,66
43,WWX5oOrUd9A,ClimateScience - Solve Climate Change,ClimateScience Olympiad,"Register at https://climatescience.org/olympiad/

DISCUSSIONS & SOCIAL MEDIA
â–€â–€â–€â–€â–€â–€â–€â–€â–€â–€â–€â–€â–€â–€â–€â–€â–€â–€â–€â–€â–€â–€â–€â–€â–€â–€
Website:           https://climatescience.org/   
Instagram:       https://www.instagram.com/climate_science/ 
Twitter:             https://twitter.com/Climate_Sci  
Facebook:        https://www.facebook.com/ClimateScienceEducation/  
Olympiad:         https://climatescience.org/olympiad/",,2021-02-16 10:40:03+00:00,13543,231,,21,PT1M19S,hd,true,Tuesday,0 days 00:01:19,0,17.056782101454626,1.550616554677693,23
44,XEcgieSBvjw,ClimateScience - Solve Climate Change,Carbon Tax: Would paying for CO2 emissions hurt your wallet? | ClimateScience #4,"Can we make companies pay for climate change? Letâ€™s find out how governments can use economic policy to reduce their carbon emission. Some say this is detrimental to the economy but we have some data that may prove this wrong! Let us know your thoughts in the comments below.

Check out our chapter on carbon pricing to learn more: https://climatescience.org/advanced-carbon-pricing/

ClimateScience is a registered charity in the UK led by over 150 young enthusiastic volunteers. Our mission is to empower people to contribute to climate solutions.

DISCUSSIONS & SOCIAL MEDIA
â–€â–€â–€â–€â–€â–€â–€â–€â–€â–€â–€â–€â–€â–€â–€â–€â–€â–€â–€â–€â–€â–€â–€â–€â–€â–€
Website:           https://climatescience.org/   
Instagram:       https://www.instagram.com/climate_science/ 
Twitter:             https://twitter.com/Climate_Sci  
Facebook:        https://www.facebook.com/ClimateScienceEducation/  
Olympiad:         https://climatescience.org/olympiad/   

OUR ANIMATION
â–€â–€â–€â–€â–€â–€â–€â–€â–€â–€â–€â–€â–€â–€â–€â–€â–€â–€â–€â–€â–€â–€â–€â–€â–€â–€
Original Animation produced by Bruna Hernandes using After Effects

OUR SCRIPT
â–€â–€â–€â–€â–€â–€â–€â–€â–€â–€â–€â–€â–€â–€â–€â–€â–€â–€â–€â–€â–€â–€â–€â–€â–€â–€
Our scripts are created by ClimateScienceâ€™s science writing team (https://climate-science.com/about/)

OUR VOICE
â–€â–€â–€â–€â–€â–€â–€â–€â–€â–€â–€â–€â–€â–€â–€â–€â–€â–€â–€â–€â–€â–€â–€â–€â–€â–€
The ClimateScience voice is JP Arellano using a Yeti BLUE microphone

OUR MUSIC â™¬â™ª
â–€â–€â–€â–€â–€â–€â–€â–€â–€â–€â–€â–€â–€â–€â–€â–€â–€â–€â–€â–€â–€â–€â–€â–€â–€â–€
Original soundtrack composed by Mackenzie Boys-Eddy using Logic ProX

SOURCES: 
â–€â–€â–€â–€â–€â–€â–€â–€â–€â–€â–€â–€â–€â–€â–€â–€â–€â–€â–€â–€â–€â–€â–€â–€â–€â–€
https://bit.ly/3xYG718",,2021-02-02 19:02:41+00:00,6190,218,,45,PT2M31S,hd,true,Tuesday,0 days 00:02:31,0,35.21809369951535,7.269789983844912,80
45,Bxd8y03zETI,ClimateScience - Solve Climate Change,How Scientists KNOW Climate Change is Real | ClimateScience #2,"How do we know climate change is real? Youâ€™ll have to look at ancient ice cores and supercomputer modelling to find out if humans really are the culprits of climate change. 

ClimateScience is a registered charity in the UK led by over 150 young enthusiastic volunteers. Our mission is to empower people to contribute to climate solutions.
 

DISCUSSIONS & SOCIAL MEDIA
â–€â–€â–€â–€â–€â–€â–€â–€â–€â–€â–€â–€â–€â–€â–€â–€â–€â–€â–€â–€â–€â–€â–€â–€â–€â–€
Website:           https://climatescience.org/   
Instagram:       https://www.instagram.com/climate_science/ 
Twitter:             https://twitter.com/Climate_Sci  
Facebook:        https://www.facebook.com/ClimateScienceEducation/  
Olympiad:         https://climatescience.org/olympiad/

OUR ANIMATION
â–€â–€â–€â–€â–€â–€â–€â–€â–€â–€â–€â–€â–€â–€â–€â–€â–€â–€â–€â–€â–€â–€â–€â–€â–€â–€
Original Animation produced by Bruna Hernandes using After Effects

OUR SCRIPT
â–€â–€â–€â–€â–€â–€â–€â–€â–€â–€â–€â–€â–€â–€â–€â–€â–€â–€â–€â–€â–€â–€â–€â–€â–€â–€
Our scripts are created by ClimateScienceâ€™s science writing team (https://climate-science.com/about/)

OUR VOICE
â–€â–€â–€â–€â–€â–€â–€â–€â–€â–€â–€â–€â–€â–€â–€â–€â–€â–€â–€â–€â–€â–€â–€â–€â–€â–€
The ClimateScience voice is JP Arellano using a Yeti BLUE microphone

OUR MUSIC â™¬â™ª
â–€â–€â–€â–€â–€â–€â–€â–€â–€â–€â–€â–€â–€â–€â–€â–€â–€â–€â–€â–€â–€â–€â–€â–€â–€â–€
Original soundtrack composed by Mackenzie Boys-Eddy using Logic ProX


SOURCES: 
â–€â–€â–€â–€â–€â–€â–€â–€â–€â–€â–€â–€â–€â–€â–€â–€â–€â–€â–€â–€â–€â–€â–€â–€â–€â–€
â€œWeâ€™ve known since the early 1900s that when we burn carbon-based materials, such as coal or oil, CO2 is released.â€:
https://www.americanscientist.org/article/carbon-dioxide-and-the-climate 

â€œWeâ€™ve also known since the 1850s that CO2 is able to trap heat.â€:
https://www.americanscientist.org/article/carbon-dioxide-and-the-climate

â€œWeâ€™ve been collecting data about what we burn since the 70sâ€:
https://www.eia.gov/about/legislative_timeline.php

â€œwe have actually been able to measure the parts per million of co2 for the last 800,000 years!â€:
https://climate.nasa.gov/evidence/

â€œWe know this from studying ancient ice coresâ€:
https://icecores.org/about-ice-cores

â€œBy analyzing these tiny trapped bubbles of air and knowing how deep they were we can learn about the concentration of CO2 in the air at a given time in the past!â€œ:
https://icecores.org/about-ice-cores 

â€œBecause of these ice cores we can be pretty sure that the concentration of CO2 in our atmosphere today is higher than it has been in the past 800,000 years.â€:
https://climate.nasa.gov/evidence/

â€œ We also know that the rate at which the ppm of co2 is increasing is higher than past rates.â€
https://climate.nasa.gov/evidence/

â€œToday, scientists across the globe have set up measuring towers and ocean buoys to record global temperatures 24/7. And guess what? These temperatures have been steadily rising.â€:
https://www.ucsusa.org/resources/ten-signs-global-warming 

â€œWeâ€™ve seen glaciers retreating, reduced snow cover, a decline in arctic sea ice, and a resulting rise in sea levels.â€:
https://climate.nasa.gov/evidence/ 

â€œFrom these models, it's clear that the global changes we are seeing right now cannot be explained by natural phenomena.â€:
https://www.gfdl.noaa.gov/brief-history-of-global-atmospheric-modeling-at-gfdl/",,2021-01-18 09:30:12+00:00,16377,295,,42,PT3M35S,hd,true,Monday,0 days 00:03:35,0,18.013067106307627,2.5645722659827808,62
46,myZAvqqp9Jc,ClimateScience - Solve Climate Change,Climate Change: How does it really work? | ClimateScience #1,"Youâ€™ve seen it in the news, heard it on the radio, maybe you even heard about it on TikTok but are you sure you truly know what climate change is? Todayâ€™s episode will explain how a sudden increase in greenhouse gases has resulted in a warming planet that could prove deadly to millions. 

ClimateScience is a registered charity in the UK led by over 150 young enthusiastic volunteers. Our mission is to make real, long-term climate solutions actionable.
 

DISCUSSIONS & SOCIAL MEDIA
â–€â–€â–€â–€â–€â–€â–€â–€â–€â–€â–€â–€â–€â–€â–€â–€â–€â–€â–€â–€â–€â–€â–€â–€â–€â–€
Website:           https://climatescience.org/   
Instagram:       https://www.instagram.com/climate_science/ 
Twitter:             https://twitter.com/Climate_Sci  
Facebook:        https://www.facebook.com/ClimateScienceEducation/  
Olympiad:         https://climatescience.org/olympiad/

OUR ANIMATION
â–€â–€â–€â–€â–€â–€â–€â–€â–€â–€â–€â–€â–€â–€â–€â–€â–€â–€â–€â–€â–€â–€â–€â–€â–€â–€
Original Animation produced by Bruna Hernandes using After Effects

OUR SCRIPT
â–€â–€â–€â–€â–€â–€â–€â–€â–€â–€â–€â–€â–€â–€â–€â–€â–€â–€â–€â–€â–€â–€â–€â–€â–€â–€
Our scripts are created by ClimateScienceâ€™s science writing team (https://climate-science.com/about/)

OUR VOICE
â–€â–€â–€â–€â–€â–€â–€â–€â–€â–€â–€â–€â–€â–€â–€â–€â–€â–€â–€â–€â–€â–€â–€â–€â–€â–€
The ClimateScience voice is JP Arellano using a Yeti BLUE microphone

OUR MUSIC â™¬â™ª
â–€â–€â–€â–€â–€â–€â–€â–€â–€â–€â–€â–€â–€â–€â–€â–€â–€â–€â–€â–€â–€â–€â–€â–€â–€â–€
Original soundtrack composed by Mackenzie Boys-Eddy using Logic ProX



SOURCES: 
â–€â–€â–€â–€â–€â–€â–€â–€â–€â–€â–€â–€â–€â–€â–€â–€â–€â–€â–€â–€â–€â–€â–€â–€â–€â–€
â€œThis atmosphere acts like a barrier that protects us from harmful radiation from the sun.â€: http://gsp.humboldt.edu/OLM/Courses/GSP_216_Online/lesson2-1/atmosphere.html 

â€œThe atmosphere also helps keep the earth warm enough to support life. This happens because some of the gases in our atmosphere like carbon dioxide and methane are able to trap heat from the sun.â€: https://climate.nasa.gov/faq/19/what-is-the-greenhouse-effect/ 

â€œWithout any greenhouse gases our earth would be cold and deserted like mars but too much of it would make our planet hot and lifeless like venus. We need just the right amount to have a climate like that on Earth.â€ https://www.nrdc.org/stories/greenhouse-effect-101 & https://climate.nasa.gov/faq/19/what-is-the-greenhouse-effect/ 
 
â€œAs a matter of fact, CO2 , the greenhouse gas responsible for about 80% of global temperature riseâ€: https://public.wmo.int/en/media/press-release/greenhouse-gas-concentrations-atmosphere-reach-yet-another-high 
 
â€œonly makes up around 0.03% of our atmosphere!â€: https://nssdc.gsfc.nasa.gov/planetary/factsheet/earthfact.html 
 
â€œUnfortunately many of our factories, cars, power plants and the way we make our food emit plenty of greenhouse gases when they burn fossil fuels like coal and oil. This adds more co2 to the atmosphere, thereby making our planet hotter!â€: https://www.climate.gov/news-features/understanding-climate/climate-change-atmospheric-carbon-dioxide 
 
â€œWe used to be in an ice age not long ago.â€: https://science.sciencemag.org/content/325/5941/710.abstract?casa_token=NlnteMXszYAAAAAA:ZUsj4qbat_jHaDB24XoYz3PwwozeseAliUMJ5fFTU86UyVzra_pilZGztz2AKS0Ju6_OQfIMwwA3XbQ 
 
â€œThe difference this time is the rate at which the earth is warming. The planet is warming much faster than it is used to! Global air temperatures have gone up by about 1 degree since the industrial revolution.â€: https://climate.nasa.gov/evidence/#:~:text=Global%20Temperature%20Rise,made%20emissions%20into%20the%20atmosphere. 
 
â€œTwo thirds of this rise in temperature has happened since 1975.â€: https://earthobservatory.nasa.gov/world-of-change/global-temperatures 
 
â€œIn the past itâ€™s taken the planet about 5,000 years to warm 5 degrees. Weâ€™re expected to go 20 times faster than that this century!â€: https://earthobservatory.nasa.gov/features/GlobalWarming/page3.php#:~:text=Models%20predict%20that%20Earth%20will,at%20least%2020%20times%20faster. 
 
â€œrising temperatures result in higher sea levels as hotter water expands and melting ice flows into the seas. A warmer climate will also lead to more extreme weather events such as intense hurricanes and longer droughts.â€œ: https://climate.nasa.gov/effects/",,2020-12-29 16:14:25+00:00,87578,759,,70,PT3M7S,hd,true,Tuesday,0 days 00:03:07,0,8.666560095001028,0.7992874922925849,60
47,9oxA9ubuCII,ClimateScience - Solve Climate Change,Hydrogen: Is Sustainable Air Travel Possible? | ClimateScience #3,"Batteries have started to revolutionize the way we travel on the road. But will they ever do the same thing in the skies? Todayâ€™s episode will look at how using batteries to power aeroplanes may be a bad idea and how using hydrogen fuel instead may be our best bet.

Check out our chapter on hydrogen to learn more: https://climatescience.org/advanced-energy-hydrogen/

ClimateScience is a registered charity in the UK led by over 150 young enthusiastic volunteers. Our mission is to make real, long-term climate solutions actionable.

DISCUSSIONS & SOCIAL MEDIA
â–€â–€â–€â–€â–€â–€â–€â–€â–€â–€â–€â–€â–€â–€â–€â–€â–€â–€â–€â–€â–€â–€â–€â–€â–€â–€
Website:           https://climatescience.org/   
Instagram:       https://www.instagram.com/climate_science/ 
Twitter:             https://twitter.com/Climate_Sci  
Facebook:        https://www.facebook.com/ClimateScienceEducation/  
Olympiad:         https://climatescience.org/olympiad/

OUR ANIMATION
â–€â–€â–€â–€â–€â–€â–€â–€â–€â–€â–€â–€â–€â–€â–€â–€â–€â–€â–€â–€â–€â–€â–€â–€â–€â–€
Original Animation produced by Bruna Hernandes using After Effects

OUR SCRIPT
â–€â–€â–€â–€â–€â–€â–€â–€â–€â–€â–€â–€â–€â–€â–€â–€â–€â–€â–€â–€â–€â–€â–€â–€â–€â–€
Is created by ClimateScienceâ€™s science writing team (https://climate-science.com/about/)

OUR VOICE
â–€â–€â–€â–€â–€â–€â–€â–€â–€â–€â–€â–€â–€â–€â–€â–€â–€â–€â–€â–€â–€â–€â–€â–€â–€â–€
The ClimateScience voice is JP Arellano using a Yeti BLUE microphone

OUR MUSIC â™¬â™ª
â–€â–€â–€â–€â–€â–€â–€â–€â–€â–€â–€â–€â–€â–€â–€â–€â–€â–€â–€â–€â–€â–€â–€â–€â–€â–€
Original soundtrack composed by Mackenzie Boys-Eddy using Logic ProX

SOURCES: 
â–€â–€â–€â–€â–€â–€â–€â–€â–€â–€â–€â–€â–€â–€â–€â–€â–€â–€â–€â–€â–€â–€â–€â–€â–€â–€
â€œ40 million aeroplanes took off in 2019 aloneâ€: https://www.statista.com/statistics/564769/airline-industry-number-of-flights/

â€œOne roundtrip transatlantic flight emits about 1.6 tons of CO2â€: https://iopscience.iop.org/article/10.1088/1748-9326/aa7541/pdf

â€œAverage global emissions per person are 5 tons of CO2â€: https://data.worldbank.org/indicator/EN.ATM.CO2E.PC

â€œIf the aviation industry were a nation it would rank 6th in global CO2 outputâ€: https://www.eesi.org/papers/view/fact-sheet-the-growth-in-greenhouse-gas-emissions-from-commercial-aviation 

â€œone kg of battery only generates 2% the energy of a kg of gasolineâ€:https://insideevs.com/news/342679/tesla-model-3-2170-energy-density-compared-to-bolt-model-s-p100d/ & https://www.energy.gov/eere/fuelcells/hydrogen-storage 

â€œIt also stores 128 times more energy per kg than batteries.â€: https://www.energy.gov/eere/fuelcells/hydrogen-storage 
â€œWe only get back about 35% of the energy we put into this processâ€: https://www.nrel.gov/docs/fy19osti/73520.pdf 

â€œwhen compared to the 95% return in energy you get with batteriesâ€: https://www.nrel.gov/docs/fy19osti/73520.pdf 

â€œAirbus is currently working on a hydrogen plane prototype that could become commercial by 2035â€: https://www.airbus.com/innovation/zero-emission/hydrogen/zeroe.html","['climatechange', 'climate', 'education', 'hydrogen', 'animated', 'learning', 'technology', 'aviation', 'battery', 'tesla']",2020-11-27 20:17:21+00:00,4140,255,,28,PT2M36S,hd,true,Friday,0 days 00:02:36,10,61.594202898550726,6.76328502415459,65
